id;name;album;album_id;artists;artist_ids;track_number;disc_number;explicit;danceability;energy;key;loudness;mode;speechiness;acousticness;instrumentalness;liveness;valence;tempo;duration_ms;time_signature;year;release_date
53cV9RUnKX2ekBe5TnTHmx;-;Wrong Faced Cat Feed Collapse;7vZ00huGhI84BJUtN0V6Xq;['SJ Esau'];['3j5MAN1Q8VougJUQrN2gED'];1;1;FALSO;627;6,51E+15;0;-27927;1;9,16E+15;772;563;365;324;82245;32067;50;2007;2007-03-13
7x03TyQd8dr6r1CK7ZWwIn;-;Wrong Faced Cat Feed Collapse;7vZ00huGhI84BJUtN0V6Xq;['SJ Esau'];['3j5MAN1Q8VougJUQrN2gED'];6;1;FALSO;0;735;1;-2,7769E+16;1;0;815;9,89E+15;0;0;0;6533;0;2007;2007-03-13
2iFCGOeVpSyJPmF3f1ZdpT;-;Wrong Faced Cat Feed Collapse;7vZ00huGhI84BJUtN0V6Xq;['SJ Esau'];['3j5MAN1Q8VougJUQrN2gED'];7;1;FALSO;0;141;0;-2,4137E+16;1;0;99;9,89E+15;0;0;0;6347;0;2007;2007-03-13
5DmQMJBjSLtT0exSgZswhS;-;Kailash;17EYR5C6ZUbkroGINUUeUd;['Queen Elephantine'];['4kRSRP5tgTRVa16po5tgUv'];3;1;FALSO;391;3,83E+16;6;-1,0861E+16;1;417;8,91E+15;768;113;398;1,21983E+16;68533;40;2009;2009-12-01
3ruYjgcB3AqHEx1ieTIPP7;-;The Thing Like Us;1s8jX60dxgZRU40IdYBfDM;['Yannis Kyriakides/ VeenFabriek'];['18Lu49udRKinxFgUO3zqqi'];49;1;FALSO;0;0;0;-600;0;0;0;0;0;0;0;5000;0;2004;2004-01-01
3BfKKNEq39g4HObu25C3Vp;-;The Thing Like Us;1s8jX60dxgZRU40IdYBfDM;['Yannis Kyriakides/ VeenFabriek'];['18Lu49udRKinxFgUO3zqqi'];50;1;FALSO;0;0;1;-600;1;0;0;0;0;0;0;55120;0;2004;2004-01-01
4X1wQBVjWFrMbbxGKJdtrz;-;Vol. 2;54u4G2NO3nnkmOVggU1qlj;['Hours Eastly'];['2GwZDmtINCxF3N6GeG8NuM'];13;1;FALSO;0;0;0;-600;0;0;0;0;0;0;0;4787;0;2009;2009-03-10
6Wrs0EgZ8VXnFFrFBYlVav;-;Scar Sighted;4hnlvhL0RR3AH2YOVChSsh;['Leviathan'];['6CJU2RwwB10D0KoYYqWYeM'];1;1;FALSO;141;121;4;-22044;0;326;8,64E+15;972;131;155;140764;138022;40;2015;2015-03-03
26zZBOpwa7kn8UQMiIUoGu;-;Through a Wall;0XEZIX5p6RyZPASIKNuszX;['Single Mothers'];['2FW1jqwbJgwWT8hTWHgBrq'];11;1;FALSO;2,83E+16;9,79E+15;10;-5,656E+16;1;275;454;985;498;0;10984;17328;30;2018;2018-09-07
7gT9FFys7dUV12fMxRDTNi;--;Sink;1GJPA5VYSbabhQVR6cPJKB;['Floater'];['7wNm9hxB5MzFKEecCenxKJ'];18;1;FALSO;29;35;1;-45665;1;67;569;0,00521;209;3,6E+16;7,3674E+15;124493;40;1994;1994
1M4PrNPEthRcmxcET7SJue;---;Decade 1988-1998;4LYxxRrZsoAK0JargddqCA;['Jackopierce'];['1D9nOrYVEVg5nRbUABsrcW'];35;1;FALSO;447;271;5;-13135;1;362;821;0;3,52E+16;406;68929;120800;40;1997;1997-10-26
0zkZ7DK0srvot1qOhj9v7e;---;2020;1iQv62pCsikjK7sazM8hpU;['Seer'];['3mALR4ntDkpQtXoYE1bnT4'];5;1;FALSO;302;247;8;-13408;1;408;99;9,21E+15;242;1,17E+16;63442;51347;40;2006;2006-04-26
674SwmC0kYUXGWexEiqoYI;---;2020;1iQv62pCsikjK7sazM8hpU;['Seer'];['3mALR4ntDkpQtXoYE1bnT4'];12;1;FALSO;2,06E+16;155;7;-1,3416E+16;1;346;807;792;276;131;8,6114E+15;59827;40;2006;2006-04-26
5y95xiRF6ambRwn4gFoYaT;---;2020;1iQv62pCsikjK7sazM8hpU;['Seer'];['3mALR4ntDkpQtXoYE1bnT4'];14;1;FALSO;21;849;9;-2,2847E+16;1;361;9,94E+15;879;793;457;215892;97667;30;2006;2006-04-26
2kDL4idq2qe4jTLY8jwR0g;----;I Will Cut Your Heart out for This;0MTRmESjYTLvNhHTJpIejM;['Bloody Knives'];['0iB3lPHMcDMQy0HG5eH8cP'];6;1;FALSO;166;292;8;-459;1;565;657;853;315;562;116029;119551;40;2016;2016-04-01
3LFNqCrWqRuCW573a1XKNl;-----;Regressions;3FAQOCEap58fkflB3dUftG;['Cleric'];['4ayA65s6ylf0deiUBtKne7'];2;1;FALSO;182;809;3;-1,8263E+16;1;534;0,000642;965;1,23E+16;482;7,7177E+15;112267;40;2010;2010-04-27
1RNBiIaNh8znKYLPlzAyQi;-----;Regressions;3FAQOCEap58fkflB3dUftG;['Cleric'];['4ayA65s6ylf0deiUBtKne7'];4;1;FALSO;121;496;8;-25143;1;2,16E+16;78;1,16E+16;6,66E+15;384;1,63008E+16;128360;50;2010;2010-04-27
5z8sy6JgnNr1tmGwoQZhNO;-----;Regressions;3FAQOCEap58fkflB3dUftG;['Cleric'];['4ayA65s6ylf0deiUBtKne7'];6;1;FALSO;35;2,46E+16;0;-17877;1;422;97;9,13E+15;1,12E+16;365;135184;132973;40;2010;2010-04-27
2MS3Bi0hcIOVuUJ6tAm91f;-----;May to December;65NfnowshQtG1QSnBWzKNg;['AES'];['3ol75Ap0oerxentf77ZtYX'];19;1;FALSO;802;953;8;-6901;0;1,73E+16;418;863;677;7,14E+15;93081;118627;40;2003;2003-01-01
1KAdSvZimDmmRtuziafZlZ;------;Drugs, Sex & Discotheques;0OHDcRpbtvDYfQALIPZXVw;['Prima Donnas'];['60xkx3xaoGvR7dVrLewdKI'];15;1;FALSO;0;0;0;-600;0;0;0;0;0;0;0;1142147;0;2001;2001
03zGrsOwyHgZeVUgE1UI0c;-----------------------;One More Rocket Summer;169GOp3H0HWWvOcS05L5LH;['The Neon Calm'];['0uf5A5rBCnregriyApf6gj'];12;1;FALSO;534;336;7;-11395;1;283;9,06E+15;8,29E+15;797;281;75002;162707;40;2005;2005-01-01
34DDb2G5ifE1NC91fjl4JW;- - Part 1;Free Rain;3cNj6c3pYTw5n0ZTncXRBm;['Mujaji'];['0xuuPO6hXkH1AlehndvwWG'];2;1;FALSO;222;409;10;-21912;1;459;715;0,000173;115;939;1,15733E+16;32080;30;2001;2001-04-23
34FXFywiyzrPQTLgEchq1N;- - Part 2;Free Rain;3cNj6c3pYTw5n0ZTncXRBm;['Mujaji'];['0xuuPO6hXkH1AlehndvwWG'];4;1;FALSO;284;5,33E+15;10;-2495;0;783;116;899;361;377;9,0857E+15;38293;10;2001;2001-04-23
5lbhhKrEPWzbHe5d55lOIR;- - Part 3;Free Rain;3cNj6c3pYTw5n0ZTncXRBm;['Mujaji'];['0xuuPO6hXkH1AlehndvwWG'];8;1;FALSO;0;34;0;-1,8571E+16;0;0;902;0;8,03E+15;0;0;9800;0;2001;2001-04-23
6Mi1yEdN1R41u1C8ZTwXzg;- - Part 4;Free Rain;3cNj6c3pYTw5n0ZTncXRBm;['Mujaji'];['0xuuPO6hXkH1AlehndvwWG'];10;1;FALSO;242;3,67E+15;7;-26171;1;2,11E+16;7,81E+15;273;7,34E+15;3,46E+16;175362;18880;40;2001;2001-04-23
7BeKVXRtM7mBg3SvAnL41s;- Daffodil -;Into the Marinesnow;7mMT5XWwRqQdrMr14TYomP;['No Limited Spiral'];['0xoZVyo29QI74FQ6FgPaPk'];6;1;FALSO;574;3,99E+16;2;-11132;0;302;9,69E+15;9,84E+15;79;188;1,00004E+16;128667;40;2017;2017-07-28
5jHpdrtlhwzmo2bzoh6jNo;- Exit Stage Right --->;Major Melodies Backward Beginnings;4I0sl0Go3P4pB4qE2d9LHz;['J Burn'];['3DpgXEF8dxjq5XfRClUNJ9'];5;1;FALSO;257;956;7;-5096;1;4;665;8,34E+15;4;5,58E+15;81122;67036;30;2014;2014-04-29
0QPnEfxgQRKtqSI6gFzX5X;- feedyellow mix.1;Split;6IHIkW7SCOM1f1bIo9WF0Y;['Merzbow / Sutcliffe Jugend / Satori'];['4GO4VU8h66mY9PyCx17xZ6'];1;1;FALSO;146;10;2;-7,02E+15;1;168;144;8,29E+15;127;236;138358;874973;40;2012;2012-03-05
5Wq15flrG7ArUjyW0T7q7p;- Gently She Exhales Its Marvelous Mystique, Wonder, |And Paradi;Intellectual Explorations;6YwDGrDh2MRRzKwJUwg8wT;['Karius Vega'];['3b2suPxiUzkyK54xuafEW9'];20;1;FALSO;3,98E+16;5,72E+15;3;-1,2756E+16;0;639;292;7,83E+15;309;252;112044;170493;50;2007;2007-01-01
5nO4qB35RRQTiQNiQD8zGw;- In Reminiscence -;Into the Marinesnow;7mMT5XWwRqQdrMr14TYomP;['No Limited Spiral'];['0xoZVyo29QI74FQ6FgPaPk'];1;1;FALSO;196;613;11;-9446;0;888;8,81E+15;62;392;2,02E+16;96213;80767;30;2017;2017-07-28
5NcxeaxoLmADwYjb8WVVwv;- Intro - Talk Iz Cheap;Business Is Business;4X5UPW9dGDtuUb3DN5Vfgq;['Telly Mac'];['316cPrVpf18LLtyZm7fn3y'];6;1;VERDADERO;8,06E+15;792;10;-5369;0;7,56E+15;4,87E+16;0;395;525;93506;273800;40;2006;2006-06-20
5D58AopxxArbrC4LO03K0C;- It's Just - Talk;Music of Pat Metheny & Lyle Mays;2uwOxUow6Lz6puOyI8jNPx;"[""Bob Curnow's L.A. Big Band"", 'Bobby Shew', 'Wayne Bergeron', 'Alex Iles']";['6bDc26pVdlLcaQCwpW9Br4', '0bARK3i69D9aD9UVwOQpke', '2aHjcPkNOKNQabDdcJcdx9', '4Fujy1Bg0kDmUksY7Om0Jy'];1;1;FALSO;447;354;5;-1,2529E+16;0;317;6,63E+15;778;874;405;146704;447933;40;1994;1994-05-23
6ofZzDgnzUTHHlO6MVAKvk;- Naiads, Cassadies;Crack-Up;0xtTojp4zfartyGtbFKN3v;['Fleet Foxes'];['4EVpmkEwrLYEg6jIsiPMIb'];3;1;FALSO;536;493;7;-7,877E+16;1;278;2;313;155;1,73E+16;9,7077E+15;190560;40;2017;2017-06-16
42mCeBEq3hhgFdsM4CJrCS;--- Warning;Legs;7k0g0sYWcjmDZavFru6a0j;['Operation ID'];['5DVNYTu9GBLPQoVxSxG0yw'];3;1;FALSO;525;6,86E+15;10;-1,1074E+16;1;428;397;8,14E+15;11;752;199997;362173;50;2011;2011-03-12
4nSE7uYduIohDl1DK54vOm;!;Interrobang;2L30fdGfccOTD1lPJTECpE;['George Hrab'];['5XmrgivvJUbObRruMVENpR'];9;1;FALSO;3,39E+16;9,11E+15;11;-9264;0;501;0,00155;746;1,23E+16;809;1,70759E+16;230480;40;2005;2005-12-01
0Prct5TDjAnEgIqbxcldY9;!;UNDEN!ABLE;5H9cH0ZFEwiJQFPCXiXzxd;['HELLYEAH'];['4hxDvVq5t8ebPYPdBl1F9f'];1;1;FALSO;415;605;7;-11157;1;575;116;838;4,71E+16;193;100059;79500;40;2016;2016-06-03
1ZX7TA9UAKi7jeghWr1KlF;!!!Si!!!;Emulsion de Skape;0l0sZOdQJbYKTPQwbxDsbE;['La Matatena'];['5FgDCzaC8VeGnaVws6BU2q'];10;1;FALSO;381;894;11;-6,007E+16;0;53;117;877;1,16E+16;5,58E+15;101124;128800;40;1999;1999
4v1IBp3Y3rpkWmWzIlkYju;!!De Repente!!;Fuera De Lugar;1cXJjh9fcub05ZNC4H4SYN;['Rosendo'];['0P4FkbP57uc9XBnJ9aoA3N'];7;1;FALSO;659;893;5;-8531;1;411;922;0,00191;534;951;1236;199827;40;1986;1986-07-01
4U7dlZjg1s9pjdppqZy0fm;!!De Repente!!;Un Palo Al Agua (20 Grandes Canciones);1XcBGMLrcNXMHukhrRNHCq;['Rosendo'];['0P4FkbP57uc9XBnJ9aoA3N'];2;1;FALSO;657;882;5;-634;1;385;74;0,00127;474;9,39E+15;123588;198173;40;2000;2000-02-01
3CPCu8UBgsFVAxHCBTlMGP;!(?Galactic!#$Adventure!@#;Wah-Ha Era;227m9Ko4LgqnP0QE4fj4eu;['Sheena'];['0ezue86UmGPlFGn2tN2XVL'];15;1;FALSO;615;74;2;-8895;1;496;782;6,68E+15;2,34E+16;331;13222;129228;40;2006;2006-06-09
1SxMxIv3dwCLml5gjBHvwO;!@$# Disappearing Blocks;Ranger Wars OST;3IX1fKb5wQoEigRTyY9paw;['monomer'];['4bSHri2JUOPBJvMG9UvFe8'];3;1;FALSO;336;841;6;-10751;0;3,7E+16;3,78E+16;9,39E+15;268;9,74E+15;131847;109091;40;2011;2011-04-27
5ZGKKwxgKEy6VwUSFSfRwY;!A Volar!;Las Puertas De La Manana;5meiPmFedLZWuRch4kh4pT;['Carlos Gusatavino'];['1kxGkdtmtbSC4cK5VQUQms'];13;1;FALSO;409;134;7;-19712;1;674;9,94E+15;57;1,43E+16;4,92E+15;84917;88840;30;1993;1993
7l4ZGkhePXBqAUfFYEjVTP;!Al Puente De La Golondrina!;Las Puertas De La Manana;5meiPmFedLZWuRch4kh4pT;['Carlos Gusatavino'];['1kxGkdtmtbSC4cK5VQUQms'];17;1;FALSO;418;682;4;-17063;0;607;9,94E+15;0;736;239;69668;125733;30;1993;1993
5iGPpZMOVWOiGEmvhPqJH0;!bam!;Never Odd or Even;0adFmOjGS5AECFQpEy5sLu;['Kyle Hollingsworth'];['0fzfdKzpTTZIywU3CKRgog'];12;1;FALSO;612;914;0;-6558;1;416;1,43E+16;311;158;726;120055;503027;40;2004;2004-11-09
7ECBjsSPwvqyYduug0TWnn;!nterlude;Where's Wally?;0gX17E2hv5KI0HM3EmHJS6;['Eddie Nashton'];['1SCLU3YGvfygYFotSc0f50'];1;1;FALSO;419;294;2;-1,3848E+16;1;323;299;2,11E+16;583;3,94E+16;80117;56250;30;2015;2015-11-30
6yAVEol79QkbHAHEgsBYtA;!que Bombala!;Crackstatic;77EauApexdpaJ2DMlRybJM;['Ron Hawkins'];['6vSWCxTE0Tduswrgwgi37w'];12;1;FALSO;4,72E+16;525;3;-6226;1;412;472;333;257;0;1,03077E+16;20200;40;2000;2000-01-01
1JrpMwlzPuWgfmGiIBi9QI;""" """;Burner;37r17AuslVoigWwCzLbsyu;['Breadwinner'];['3UUl93ABT7zywawX0QA7MC'];4;1;FALSO;2,96E+16;8,29E+15;4;-8101;1;414;0,000446;91;824;198;124859;201760;40;1994;1994-03-14
04AYcz6ZJNBlk7JpQ7GcVj;""" Where's Carrie ? "" Jam";CHHR2;7r3Lm0cHd5oRoF421yQwPq;['Carrie Hassler', 'Hard Rain'];['6DXV23E21O4yblZHpvUEFg', '79BAEZjpdVsKzl8YwcOTAj'];13;1;FALSO;643;645;2;-11796;1;498;667;9,11E+15;3,57E+16;977;10863;39080;40;2008;2008-07-29
74DyYsJP3zYeLYznqkzWkf;"""...And Now The Man You've All Been Waiting For!""";Edward's Lament;0UBjbewM4UIN0vGnsDbvUm;['House of Low Culture'];['3yw2yyy1h5yBImpvbYbp7l'];5;1;FALSO;147;1,92E+16;8;-4,4572E+16;1;373;813;948;687;345;13629;1110520;30;2003;2003-08-26
0sZb4GBh64F0FOZzQy6QqV;"""...Because All Suffering Is Sweet to Me...""";Lucy Gray;3husNaXRDbMkDvssgj4PkS;['Envy On The Coast'];['6RvruFAgvsAb4B82u8wsSH'];11;1;FALSO;2,41E+16;7,34E+15;4;-6919;0;671;204;0;11;4;157355;237973;40;2007;2007-08-07
7pfyAmkzK8vZvgcl5zWx7u;"""...The Unknown, Now...""";Windhorse Riders;47ZfRxuq7uQ7Vpq500DCIs;['David Hykes & Djamchid Chemirani'];['0fwoUZKlixxv609vLgPMbJ'];7;1;FALSO;35;196;10;-22379;0;677;664;316;814;157;100359;187400;40;1989;1989
5pbVi7cv5LUW2KGaiLdPss;"""...Upon the Banks of the Nile""";Egypt, Mother of the World;19t5arn4aAhp1dapyycEgf;['Riad Abdel-Gawad'];['62dgwBcUNerwCNz490CoOd'];11;1;FALSO;4,04E+16;384;5;-6,292E+16;1;348;9,11E+15;345;1,99E+16;6,41E+15;92212;490000;40;2011;2011-02-14
6Su8FhANgVCgmWPHY3cwMH;"""...You a Yankees Fan?""";The Taking of Pelham 123 (Original Motion Picture Soundtrack);5p5aa6wCtWEGKhqU3lwVGd;['Harry Gregson-Williams'];['1BxqJ6pOCi8mkSjCbFYjpW'];11;1;FALSO;151;66;6;-2561;0;367;925;951;912;441;76312;117813;30;2009;2009-06-09
0gApojfc42VWlHyB1fNZTm;"""||Ginisa"" (Cricket)";Pure Pwnage Season 1 Soundtrack;1d0fVqFpkBTXNUKTCvRpre;['Levi Namaseb'];['26PaQCKxeK1PQtbdvTZHDj'];32;1;VERDADERO;581;9;1;-2,0499E+16;1;4,17E+16;9,84E+15;399;342;716;162631;80170;50;2007;2007-01-01
7h2jyktAeVhKPRaZhzf40Z;"""44""";The Man with the Golden Thumb;5g5977W8ah8NhbEqnCtQ8w;['Jerry Reed'];['3kvy8do7n0qVqvlNFS4yOF'];8;1;FALSO;8,37E+15;638;5;-1598;1;426;198;248;105;831;1,27394E+16;235080;40;1982;1982-04-01
2A9JNOP5wXc2ght7fd11dh;"""44-44"" (feat. Poxy)";Street Fame, Vol. 3;6Y3CVLIpmyzlFaXQaTxorC;['Lil Mario', 'Poxy'];['3BZDsaA24eP6tmU0vWG4Uf', '28aHD9SWIexzJtiQhutgh7'];8;1;VERDADERO;742;4,64E+16;1;-4148;1;317;196;0;3,38E+16;201;108223;95060;40;2003;2003-04-15
0YBkFf1dbiwtVuIDfMFQa7;"""74""";Hip Li'l Dreams;64qgfjoJuKiCl6v5v4Lv9M;['The Sons Of Champlin'];['3LmdSHbQzMs8ZL0GVGpwXb'];10;1;FALSO;7;735;0;-6636;1;323;1,48E+16;0,000425;521;6,78E+15;120005;288533;40;2008;2008-12-09
2lZmRtMp26rfQcsQHBMT9F;"""81""";Earthdance;2tos6PK6KBAvqDPhXNfwR6;['Jerry Gonzalez', 'The Fort Apache Band'];['2mnn3P1usWd9ccif5MwDmx', '40DRvF33N4LG2DXTst2vLJ'];5;1;FALSO;451;294;5;-21276;0;402;594;831;157;506;144938;705840;40;1991;1991-01-01
1iQIRDD0Us6RnAsAq4x3Jq;"""A Bunch of Muppets""";Music From The Motion Picture Clerks;4aP5GqnvqKrChNIpIUpf5q;['Clerks (Original Motion Picture Soundtrack)'];['0fGCQFCdBn9gnxq2cMoWvg'];8;1;FALSO;7,02E+15;248;8;-16204;1;823;445;0;891;889;84273;22773;40;1994;1994-10-11
0a72G1tmXA9FkzBHk6ZYnz;"""A Dream To Fly""";Before We Forgot How To Dream;0Z8DuysabM6vo3y7HSlTbA;['SOAK'];['4PLsMEk2DCRVlVL2a9aZAv'];6;1;FALSO;271;603;9;-17128;1;781;433;934;489;2,79E+16;87949;57856;10;2015;2015-06-01
03trJkVU3YFRWlr4cHmX0D;"""A Flair for the Dramatic...""";Fun Home (A New Broadway Musical);2GKE26bq2o8qoukpNlZnrh;['Beth Malone', 'Roberta Colindrez', 'Emily Skeggs', 'Michael Cerveris', 'Sydney Lucas'];['60zvRmhQHRxokEB1taAVpN', '0k9kVbqy5B8J1jbQm4XcMA', '4pFb5Ycz7oHBhVS623cMdf', '0oE1QxknblYdWQt51QjyrG', '2NC0NvcP3iJvpCPepplwof'];17;1;FALSO;6,83E+15;156;6;-19993;1;9;6,99E+15;0;928;198;1,38146E+16;162747;30;2015;2015-05-19
5qmLEnuTsiJfkv8KA3ywEf;"""a Lot of People Think...""";Sondheim on Sondheim (Original Broadway Cast Recording);24ujEFVEMyiUPHsprnMeN3;['Stephen Sondheim'];['4TbtUt49IMXEIMmNdifHb1'];29;1;FALSO;725;984;11;-26983;1;797;9,23E+15;0;146;965;1,04504E+16;36093;10;2010;2010-08-31
4qoPjxvqZnxKjpk1zisOMN;"""A Man and a Woman"" from A Man and a Woman - Instrumental";Film Music;5NmuHqpl86h82HKYHVwxtO;['Francis Lai', 'I Salonisti'];['0Lf3tvw0Rzwr38KDrShstn', '0TEjrjC7baC4jJTQiOMsxJ'];6;1;FALSO;214;204;9;-3,1293E+15;1;411;9,54E+15;885;98;406;1307;171410;30;1999;1999-05-18
4sDDlHidCwMvi0Ga34zi13;"""A"" Is for Alligator";Blue Camus;0BzsjuFOeVPOsge5qTZSwm;['Ben Sidran'];['4FVlx0LkBCw52txBL8QVDl'];3;1;FALSO;818;349;2;-15927;0;947;665;2,34E+16;1,08E+16;479;81999;193000;40;2015;2015-05-01
6iez58IunmdrCA8fEhQYF4;"""Ã‰toile Polaire"" from Analog";Glass: A Portrait of Philip in Twelve Parts;7kMMDXHVScDvNuj4iuD0uR;['Philip Glass'];['69lxxQvsfAIoQbB20bEPFC'];5;1;FALSO;174;182;0;-1,6069E+16;0;416;578;0;773;439;120869;158680;40;2009;2009-04-14
4b7gZb1s3hwLalZ7AEQx5C;"""Aaay""Mless";Happy Days: A New Musical (Original Soundtrack);1YGNmv4711LVDFNxeRjsTY;['Joey Sorge', 'Stephanie Gibson', 'Lisa Gajda'];['04GfyeHNQKzoOMOZoCjlMu', '0g6ntEjR1iPfu1DHBCO5Vb', '1QGwcaVGRQ9dg5DyalmX4P'];13;1;FALSO;66;5,59E+15;2;-7124;0;409;7,93E+15;0;326;465;78453;177227;40;2008;2008-01-08
5ets7bYmsqDsc36vA5HWkG;"""According to Statisticsâ€¦""";Follies: New Broadway Cast Recording;7vx2IsGyWN0lim75r1pdau;"['New Broadway Cast of ""Follies""', 'Jan Maxwell', 'Ron Raines']";['2LWZxC0kowYYqsCnIAd9wl', '4pYkSTmxywZ2ypRzGqYwuy', '68H2l9gPwm3oDcQ6ZcPvd2'];23;1;FALSO;713;132;6;-16921;1;9,13E+15;77;0;1,01E+16;193;100209;96173;30;2011;2011-11-29
3SubCFUvjBgNgXBtyAa6aH;"""Ach Gott, wie manches Herzeleid"" BMV58: Aria ( Soprano):";J.S. Bach: Cantatas Vol. 17;2g5TpKTnpxzCzknQCIDLa1;['Johann Sebastian Bach', 'Amsterdam Baroque Orchestra & Choir', 'Sandrine Piau', 'Ton Koopman'];['5aIqB5nVVvmFsvSdExz408', '7lnBwiS5iL2qKOohNsrsQX', '21ZrUwCPuok2HGHtuUVCGL', '7Fu8GId2mQkNzqDbZbcDWM'];16;1;FALSO;308;389;1;-2,6583E+16;0;614;9,57E+15;0,00447;16;512;1,70216E+16;220293;40;2007;2007-03-07
4txjilgXcjvtqnORd8y4pA;"""Ach Gott, wie manches Herzeleid"" BMV58: Chorale and Aria ( Soprano, Bass):";J.S. Bach: Cantatas Vol. 17;2g5TpKTnpxzCzknQCIDLa1;['Johann Sebastian Bach', 'Amsterdam Baroque Orchestra & Choir', 'Sandrine Piau', 'Ton Koopman'];['5aIqB5nVVvmFsvSdExz408', '7lnBwiS5iL2qKOohNsrsQX', '21ZrUwCPuok2HGHtuUVCGL', '7Fu8GId2mQkNzqDbZbcDWM'];14;1;FALSO;231;627;11;-2491;1;456;955;218;175;188;74524;253493;40;2007;2007-03-07
5mpK0Ztp8HEWWTiV5yVxI9;"""Ach Gott, wie manches Herzeleid"" BMV58: Chorale and Aria (Soprano, Bass):";J.S. Bach: Cantatas Vol. 17;2g5TpKTnpxzCzknQCIDLa1;['Johann Sebastian Bach', 'Amsterdam Baroque Orchestra & Choir', 'Sandrine Piau', 'Ton Koopman'];['5aIqB5nVVvmFsvSdExz408', '7lnBwiS5iL2qKOohNsrsQX', '21ZrUwCPuok2HGHtuUVCGL', '7Fu8GId2mQkNzqDbZbcDWM'];18;1;FALSO;451;184;11;-21095;1;324;94;697;295;794;96348;146040;40;2007;2007-03-07
12ZklEfSrF7um5O1LTG9KX;"""Ach Gott, wie manches Herzeleid"" BMV58: Recitative (Soprano):";J.S. Bach: Cantatas Vol. 17;2g5TpKTnpxzCzknQCIDLa1;['Johann Sebastian Bach', 'Amsterdam Baroque Orchestra & Choir', 'Sandrine Piau', 'Ton Koopman'];['5aIqB5nVVvmFsvSdExz408', '7lnBwiS5iL2qKOohNsrsQX', '21ZrUwCPuok2HGHtuUVCGL', '7Fu8GId2mQkNzqDbZbcDWM'];17;1;FALSO;466;202;8;-2,5817E+16;0;494;977;0;2,88E+16;263;103345;63400;40;2007;2007-03-07
6LmHJJA2Egz9HdhXg7U41o;"""Ach Gott, wie manches Herzeleid"" BMV58: Recitative(Bass):";J.S. Bach: Cantatas Vol. 17;2g5TpKTnpxzCzknQCIDLa1;['Johann Sebastian Bach', 'Amsterdam Baroque Orchestra & Choir', 'Sandrine Piau', 'Ton Koopman'];['5aIqB5nVVvmFsvSdExz408', '7lnBwiS5iL2qKOohNsrsQX', '21ZrUwCPuok2HGHtuUVCGL', '7Fu8GId2mQkNzqDbZbcDWM'];15;1;FALSO;4,77E+16;55;1;-29004;0;433;92;0;931;247;8616;82987;40;2007;2007-03-07
6ngSXss6wWXZ7L8pbf7dUI;"""Ach Herr, mich armen SÃ¼nder"" BWV 135";J.S. Bach: Cantatas Vol. 12;49WrEpG7VIBtqCZdJ1mVbX;['Johann Sebastian Bach', 'Amsterdam Baroque Orchestra', 'Amsterdam Baroque Choir', 'Ton Koopman'];['5aIqB5nVVvmFsvSdExz408', '2CMg8J0WjftvFR5zFbufVA', '5K6IkoVilt3TIylwWo2hE2', '7Fu8GId2mQkNzqDbZbcDWM'];1;1;FALSO;17;527;8;-2,4922E+16;0;454;992;838;253;518;133174;316373;30;2007;2007-02-27
2bQl8uI36Kfeq6Uac75jLl;"""Ach Herr, mich armen SÃ¼nder"" BWV 135";J.S. Bach: Cantatas Vol. 12;49WrEpG7VIBtqCZdJ1mVbX;['Johann Sebastian Bach', 'Amsterdam Baroque Orchestra', 'Amsterdam Baroque Choir', 'Ton Koopman'];['5aIqB5nVVvmFsvSdExz408', '2CMg8J0WjftvFR5zFbufVA', '5K6IkoVilt3TIylwWo2hE2', '7Fu8GId2mQkNzqDbZbcDWM'];2;1;FALSO;4,11E+16;592;1;-25052;0;125;948;0;145;175;68262;66267;40;2007;2007-02-27
5xOCOt3NdxSPVuXJuulUCA;"""Ach Herr, mich armen SÃ¼nder"" BWV 135";J.S. Bach: Cantatas Vol. 12;49WrEpG7VIBtqCZdJ1mVbX;['Johann Sebastian Bach', 'Amsterdam Baroque Orchestra', 'Amsterdam Baroque Choir', 'Ton Koopman'];['5aIqB5nVVvmFsvSdExz408', '2CMg8J0WjftvFR5zFbufVA', '5K6IkoVilt3TIylwWo2hE2', '7Fu8GId2mQkNzqDbZbcDWM'];3;1;FALSO;307;636;11;-25369;1;549;99;101;253;3,47E+16;61919;195267;40;2007;2007-02-27
4Oqtr3ApBRict9qy26eVez;"""Ach Herr, mich armen SÃ¼nder"" BWV 135";J.S. Bach: Cantatas Vol. 12;49WrEpG7VIBtqCZdJ1mVbX;['Johann Sebastian Bach', 'Amsterdam Baroque Orchestra', 'Amsterdam Baroque Choir', 'Ton Koopman'];['5aIqB5nVVvmFsvSdExz408', '2CMg8J0WjftvFR5zFbufVA', '5K6IkoVilt3TIylwWo2hE2', '7Fu8GId2mQkNzqDbZbcDWM'];4;1;FALSO;495;213;6;-26033;0;53;991;241;141;722;4,4252E+16;67800;40;2007;2007-02-27
32ylkqHdx8XJ84buHXf8Cz;"""Ach Herr, mich armen SÃ¼nder"" BWV 135";J.S. Bach: Cantatas Vol. 12;49WrEpG7VIBtqCZdJ1mVbX;['Johann Sebastian Bach', 'Amsterdam Baroque Orchestra', 'Amsterdam Baroque Choir', 'Ton Koopman'];['5aIqB5nVVvmFsvSdExz408', '2CMg8J0WjftvFR5zFbufVA', '5K6IkoVilt3TIylwWo2hE2', '7Fu8GId2mQkNzqDbZbcDWM'];5;1;FALSO;478;701;8;-23111;0;508;9,33E+15;114;251;677;79642;184333;40;2007;2007-02-27
4beUP2DGuWzIEndcfBPvfS;"""Ach Herr, mich armen SÃ¼nder"" BWV 135";J.S. Bach: Cantatas Vol. 12;49WrEpG7VIBtqCZdJ1mVbX;['Johann Sebastian Bach', 'Amsterdam Baroque Orchestra', 'Amsterdam Baroque Choir', 'Ton Koopman'];['5aIqB5nVVvmFsvSdExz408', '2CMg8J0WjftvFR5zFbufVA', '5K6IkoVilt3TIylwWo2hE2', '7Fu8GId2mQkNzqDbZbcDWM'];6;1;FALSO;121;886;8;-24615;0;46;991;1,04E+16;168;209;74244;62533;30;2007;2007-02-27
3eYPPWyjmAU8GuD8xAykEv;"""Ach, lieben Christen, seid getrost"" BWV 114: Aria (Alto): ""Du machst, o Tod, mir nun nicht ferner bange""";J.S. Bach: Cantatas Vol. 12;49WrEpG7VIBtqCZdJ1mVbX;['Johann Sebastian Bach', 'Amsterdam Baroque Orchestra', 'Amsterdam Baroque Choir', 'Ton Koopman'];['5aIqB5nVVvmFsvSdExz408', '2CMg8J0WjftvFR5zFbufVA', '5K6IkoVilt3TIylwWo2hE2', '7Fu8GId2mQkNzqDbZbcDWM'];18;2;FALSO;426;376;9;-25209;1;567;99;5,66E+15;146;354;7458;278400;40;2007;2007-02-27
2Y2fshKtOz8BfEisI4vYJU;"""Ach, lieben Christen, seid getrost"" BWV 114: Aria (Tenor): ""Wo wird in diesem Jammertale""";J.S. Bach: Cantatas Vol. 12;49WrEpG7VIBtqCZdJ1mVbX;['Johann Sebastian Bach', 'Amsterdam Baroque Orchestra', 'Amsterdam Baroque Choir', 'Ton Koopman'];['5aIqB5nVVvmFsvSdExz408', '2CMg8J0WjftvFR5zFbufVA', '5K6IkoVilt3TIylwWo2hE2', '7Fu8GId2mQkNzqDbZbcDWM'];15;2;FALSO;31;261;1;-2,6339E+16;0;458;985;265;13;166;95102;508547;40;2007;2007-02-27
0Coqo9DnP5BcxVHzTrbCWZ;"""Ach, lieben Christen, seid getrost"" BWV 114: Chorale (Soprano): ""Kein Frucht das WeizenkÃ¶rnlein bringt""";J.S. Bach: Cantatas Vol. 12;49WrEpG7VIBtqCZdJ1mVbX;['Johann Sebastian Bach', 'Amsterdam Baroque Orchestra', 'Amsterdam Baroque Choir', 'Ton Koopman'];['5aIqB5nVVvmFsvSdExz408', '2CMg8J0WjftvFR5zFbufVA', '5K6IkoVilt3TIylwWo2hE2', '7Fu8GId2mQkNzqDbZbcDWM'];17;2;FALSO;309;135;1;-3,0907E+16;0;447;9,84E+15;623;102;159;69663;132627;40;2007;2007-02-27
5JT4nyG7pjsWoRuHXPSlFw;"""Ach, lieben Christen, seid getrost"" BWV 114: Chorale: ""Wir wachen oder schlafen ein""";J.S. Bach: Cantatas Vol. 12;49WrEpG7VIBtqCZdJ1mVbX;['Johann Sebastian Bach', 'Amsterdam Baroque Orchestra', 'Amsterdam Baroque Choir', 'Ton Koopman'];['5aIqB5nVVvmFsvSdExz408', '2CMg8J0WjftvFR5zFbufVA', '5K6IkoVilt3TIylwWo2hE2', '7Fu8GId2mQkNzqDbZbcDWM'];20;2;FALSO;257;868;9;-23026;1;492;995;114;887;415;8,6688E+15;46907;40;2007;2007-02-27
27xKmvgJpM2JVjaElw5hF0;"""Ach, lieben Christen, seid getrost"" BWV 114: Chorus: ""Ach, lieben Christen, seid getrost""";J.S. Bach: Cantatas Vol. 12;49WrEpG7VIBtqCZdJ1mVbX;['Johann Sebastian Bach', 'Amsterdam Baroque Orchestra', 'Amsterdam Baroque Choir', 'Ton Koopman'];['5aIqB5nVVvmFsvSdExz408', '2CMg8J0WjftvFR5zFbufVA', '5K6IkoVilt3TIylwWo2hE2', '7Fu8GId2mQkNzqDbZbcDWM'];14;2;FALSO;442;165;6;-2,3062E+16;0;367;983;7,39E+15;142;233;1,16768E+16;256000;30;2007;2007-02-27
4QQWrqXENMZvi9txFzEuIs;"""Ach, lieben Christen, seid getrost"" BWV 114: Recitative (Bass): ""O SÃ¼nder, trage mit Geduld""";J.S. Bach: Cantatas Vol. 12;49WrEpG7VIBtqCZdJ1mVbX;['Johann Sebastian Bach', 'Amsterdam Baroque Orchestra', 'Amsterdam Baroque Choir', 'Ton Koopman'];['5aIqB5nVVvmFsvSdExz408', '2CMg8J0WjftvFR5zFbufVA', '5K6IkoVilt3TIylwWo2hE2', '7Fu8GId2mQkNzqDbZbcDWM'];16;2;FALSO;4,82E+16;168;9;-27334;1;717;8,81E+15;0;11;18;79266;101573;40;2007;2007-02-27
5a2xA37LxtuOR69NUg15i1;"""Ach, lieben Christen, seid getrost"" BWV 114: Recitative (Tenor): ""Indes bedenke deine Seele""";J.S. Bach: Cantatas Vol. 12;49WrEpG7VIBtqCZdJ1mVbX;['Johann Sebastian Bach', 'Amsterdam Baroque Orchestra', 'Amsterdam Baroque Choir', 'Ton Koopman'];['5aIqB5nVVvmFsvSdExz408', '2CMg8J0WjftvFR5zFbufVA', '5K6IkoVilt3TIylwWo2hE2', '7Fu8GId2mQkNzqDbZbcDWM'];19;2;FALSO;302;264;6;-26842;0;555;953;0;944;252;169815;46627;30;2007;2007-02-27
5KhszeghA0ujW1pwzdImZd;"""Advice For Arrival In Heaven"" - Mark Twain monologue";Original Soundtrack Recording Mark Twain - A Film Directed By Ken Burns;58Cpo0gyXkboKSjo1hiP0D;['Kevin Conway'];['3ZDs2lfJhPTkxtm3DKDGNW'];28;1;FALSO;638;2,91E+16;0;-24174;1;126;9,06E+15;164;14;873;1,07284E+16;45200;40;2001;2001-10-05
3kN1BVeAFHDJbDqhIZ5eQ5;"""Ah, Captain Bachetti...""";Passion (2013 New York Cast Recording);10m71wmOyuPRSB7EB8zKwf;['Stephen Bogardus', 'Tom Nelis', 'Ryan Silverman'];['7qGitvYBnbiDSaYGHp7TxR', '3QTDFxvTx8fhAb9FIMowKG', '6vr32iVlTxTUGGXiEHgiqe'];2;1;FALSO;623;361;3;-16794;1;9,54E+15;588;0;632;843;177295;48293;50;2013;2013-07-02
4t497mZLBBZCpJE5NDpWRR;"""Alive"" Poem";Live at the Boulder Theatre;6hpv9mo5XtoDYoQ3cYABru;['Jonah Werner'];['7pDKy2zo57nO5n7O35J5Em'];22;1;FALSO;602;361;5;-11078;1;125;8,17E+15;0;452;648;85139;71000;40;2005;2005-11-01
4xn5MDPDfowkY21F3XGTuz;"""all aboard""";Grim Town;2bvDcwRZacKz02UUAmF6Ns;['SOAK'];['4PLsMEk2DCRVlVL2a9aZAv'];1;1;FALSO;319;91;2;-10248;0;193;544;271;4,58E+16;113;1,00864E+16;88393;50;2019;2019-04-26
0pHkGv5EjlXFc6ekYamneB;"""All My Faith""";The Fantastic Four (Original Motion Picture Soundtrack);4VkVAV4pNPOcHrQAnDZ5g3;['Marco Beltrami', 'Philip Glass'];['7yAPsqNhqqsTGsuOSZJg0i', '69lxxQvsfAIoQbB20bEPFC'];5;1;FALSO;201;184;9;-2,1782E+16;0;415;946;723;1,19E+16;372;86499;45200;40;2015;2015-07-31
4tx0TDMKabmKWGCC3B6nHy;"""Allein zu dir, Herr Jesu Christ"" BWV 33: Aria (Alto): ""Wie furchtsam wankten meine Schritte""";J.S. Bach: Cantatas Vol. 13;6tIKuTgU96XzYCNlIC1DUI;['Johann Sebastian Bach', 'Amsterdam Baroque Orchestra', 'Amsterdam Baroque Choir', 'Ton Koopman'];['5aIqB5nVVvmFsvSdExz408', '2CMg8J0WjftvFR5zFbufVA', '5K6IkoVilt3TIylwWo2hE2', '7Fu8GId2mQkNzqDbZbcDWM'];16;2;FALSO;254;23;6;-2,8668E+15;1;466;9,69E+15;52600000000;188;2,06E+16;89257;577400;40;2007;2007-03-07
2pLed8k4lq34o1ubWwV4ZI;"""Allein zu dir, Herr Jesu Christ"" BWV 33: Aria (Duetto T, B): ""Gott, der du die Liebe heiÃŸt""";J.S. Bach: Cantatas Vol. 13;6tIKuTgU96XzYCNlIC1DUI;['Johann Sebastian Bach', 'Amsterdam Baroque Orchestra', 'Amsterdam Baroque Choir', 'Ton Koopman'];['5aIqB5nVVvmFsvSdExz408', '2CMg8J0WjftvFR5zFbufVA', '5K6IkoVilt3TIylwWo2hE2', '7Fu8GId2mQkNzqDbZbcDWM'];18;2;FALSO;4,37E+15;102;3;-2,5942E+16;0;412;983;333;1,78E+16;413;1,14981E+16;216600;30;2007;2007-03-07
5h8aEAA7iIJQXOaTBuBAoR;"""Allein zu dir, Herr Jesu Christ"" BWV 33: Chorale: ""Ehr sei Gott in dem hÃ¶chsten Thron""";J.S. Bach: Cantatas Vol. 13;6tIKuTgU96XzYCNlIC1DUI;['Johann Sebastian Bach', 'Amsterdam Baroque Orchestra', 'Amsterdam Baroque Choir', 'Ton Koopman'];['5aIqB5nVVvmFsvSdExz408', '2CMg8J0WjftvFR5zFbufVA', '5K6IkoVilt3TIylwWo2hE2', '7Fu8GId2mQkNzqDbZbcDWM'];19;2;FALSO;1,86E+16;106;11;-22961;1;426;99;2,36E+16;1,64E+16;2,77E+16;75488;78053;30;2007;2007-03-07
18ZDLeWYnKafdZxilprLpt;"""Allein zu dir, Herr Jesu Christ"" BWV 33: Chorus: ""Allein zu dir, Herr Jesu Christ""";J.S. Bach: Cantatas Vol. 13;6tIKuTgU96XzYCNlIC1DUI;['Johann Sebastian Bach', 'Amsterdam Baroque Orchestra', 'Amsterdam Baroque Choir', 'Ton Koopman'];['5aIqB5nVVvmFsvSdExz408', '2CMg8J0WjftvFR5zFbufVA', '5K6IkoVilt3TIylwWo2hE2', '7Fu8GId2mQkNzqDbZbcDWM'];14;2;FALSO;529;265;8;-2229;0;34;951;7,19E+15;13;655;110655;255000;30;2007;2007-03-07
6XC8LEW8OXmgM0jzzAq3xt;"""Allein zu dir, Herr Jesu Christ"" BWV 33: Recitative (Bass): ""Mein Gott und Richter""";J.S. Bach: Cantatas Vol. 13;6tIKuTgU96XzYCNlIC1DUI;['Johann Sebastian Bach', 'Amsterdam Baroque Orchestra', 'Amsterdam Baroque Choir', 'Ton Koopman'];['5aIqB5nVVvmFsvSdExz408', '2CMg8J0WjftvFR5zFbufVA', '5K6IkoVilt3TIylwWo2hE2', '7Fu8GId2mQkNzqDbZbcDWM'];15;2;FALSO;539;251;11;-26963;1;789;924;0;2,24E+16;364;109584;65547;30;2007;2007-03-07
5wcCNuVKSPmBK7FhGn8YYM;"""Allein zu dir, Herr Jesu Christ"" BWV 33: Recitative (Tenor): ""Mein Gott, verwirf mich nicht""";J.S. Bach: Cantatas Vol. 13;6tIKuTgU96XzYCNlIC1DUI;['Johann Sebastian Bach', 'Amsterdam Baroque Orchestra', 'Amsterdam Baroque Choir', 'Ton Koopman'];['5aIqB5nVVvmFsvSdExz408', '2CMg8J0WjftvFR5zFbufVA', '5K6IkoVilt3TIylwWo2hE2', '7Fu8GId2mQkNzqDbZbcDWM'];17;2;FALSO;406;182;8;-2,8444E+15;0;686;958;0;142;1,12E+16;77008;68373;30;2007;2007-03-07
4ZgQwkPbYkGa8G8MsXy2RK;"""Alleluia"" from Exsultate jubilate, K.165";More Mozart's Greatest Hits;3hicIyoLjT9zzh1QS6Beil;['Canadian Brass'];['51LdwFHCk1yoK1jELZ4VOu'];10;1;FALSO;4,03E+16;1,44E+16;9;-17328;1;335;982;9,06E+15;1,12E+16;377;135434;146760;40;1981;1981
6xd8hMCvrNRqjmqIilO1yO;"""Alleluya""";A Medieval Christmas;6Hq2hvCfLqqDUjX4qaLrRp;"[""New York's Ensemble For Early Music""]";['1Ew1BT8i3kSgJrML6kjd3w'];19;1;FALSO;159;811;7;-34207;0;447;992;318;14;2,19E+16;107439;111267;50;2010;2010-01-15
2MXLoN8XcH0eFrSC8NctFH;"""Also hat Gott die Welt geliebt"", BWV 68: I. Chorus, ""Also hat Gott die Welt geliebt""";Bach: Whitsun Cantatas;3LXDB2QFCDS3bxzlCiJZpm;['Johann Sebastian Bach', 'Amsterdam Baroque Choir', 'Deborah York', 'Klaus Mertens', 'Barbara Schlick', 'Ton Koopman', 'Amsterdam Baroque Orchestra'];['5aIqB5nVVvmFsvSdExz408', '5K6IkoVilt3TIylwWo2hE2', '4ZCNO2ZNSFS2BhaDxeU8pw', '6uhxLhuh3jcNhKhM6pUo2V', '0gmKLfaE6sG19fpCMJWhe3', '7Fu8GId2mQkNzqDbZbcDWM', '2CMg8J0WjftvFR5zFbufVA'];8;1;FALSO;903;699;1;-2,3784E+16;0;436;991;84;105;725;81346;320027;40;2009;2009-04-22
